[
{
  "model": "contenttypes.contenttype",
  "fields": {
    "app_label": "admin",
    "model": "logentry"
  }
},
{
  "model": "contenttypes.contenttype",
  "fields": {
    "app_label": "auth",
    "model": "permission"
  }
},
{
  "model": "contenttypes.contenttype",
  "fields": {
    "app_label": "auth",
    "model": "group"
  }
},
{
  "model": "contenttypes.contenttype",
  "fields": {
    "app_label": "contenttypes",
    "model": "contenttype"
  }
},
{
  "model": "contenttypes.contenttype",
  "fields": {
    "app_label": "sessions",
    "model": "session"
  }
},
{
  "model": "contenttypes.contenttype",
  "fields": {
    "app_label": "server",
    "model": "user"
  }
},
{
  "model": "contenttypes.contenttype",
  "fields": {
    "app_label": "server",
    "model": "club"
  }
},
{
  "model": "contenttypes.contenttype",
  "fields": {
    "app_label": "server",
    "model": "member"
  }
},
{
  "model": "contenttypes.contenttype",
  "fields": {
    "app_label": "oauth2_provider",
    "model": "application"
  }
},
{
  "model": "contenttypes.contenttype",
  "fields": {
    "app_label": "oauth2_provider",
    "model": "accesstoken"
  }
},
{
  "model": "contenttypes.contenttype",
  "fields": {
    "app_label": "oauth2_provider",
    "model": "grant"
  }
},
{
  "model": "contenttypes.contenttype",
  "fields": {
    "app_label": "oauth2_provider",
    "model": "refreshtoken"
  }
},
{
  "model": "contenttypes.contenttype",
  "fields": {
    "app_label": "oauth2_provider",
    "model": "idtoken"
  }
},
{
  "model": "sessions.session",
  "pk": "e3xyjd1hwir1ee5g94iozph96aj3qhsi",
  "fields": {
    "session_data": ".eJxVjMsOwiAQRf-FtSHA8HTp3m8gA0OlaiAp7cr479qkC93ec859sYjbWuM2yhJnYmcm2el3S5gfpe2A7thunefe1mVOfFf4QQe_dirPy-H-HVQc9VvjJND6TBlUsokmmQzIHHRWQgmLnooBABJBKzQ-ODQlUXBgvJYenGPvD_GdN28:1uJaHt:D0mQa1oUdSmphOUAxgwLwsCh52tXZW9YqBHazJCQQkU",
    "expire_date": "2025-06-09T16:02:53.042Z"
  }
},
{
  "model": "sessions.session",
  "pk": "o67njhxkyb8i9m3trle1tl3zqlrn1fof",
  "fields": {
    "session_data": ".eJxVjMsOwiAQRf-FtSHA8HTp3m8gA0OlaiAp7cr479qkC93ec859sYjbWuM2yhJnYmcm2el3S5gfpe2A7thunefe1mVOfFf4QQe_dirPy-H-HVQc9VvjJND6TBlUsokmmQzIHHRWQgmLnooBABJBKzQ-ODQlUXBgvJYenGPvD_GdN28:1uK8NK:ei5ChdwAJujKX9RTeRmgHne4U6uJE2-1qDwkiDqsg44",
    "expire_date": "2025-06-11T04:26:46.962Z"
  }
},
{
  "model": "auth.permission",
  "fields": {
    "name": "Can add log entry",
    "content_type": [
      "admin",
      "logentry"
    ],
    "codename": "add_logentry"
  }
},
{
  "model": "auth.permission",
  "fields": {
    "name": "Can change log entry",
    "content_type": [
      "admin",
      "logentry"
    ],
    "codename": "change_logentry"
  }
},
{
  "model": "auth.permission",
  "fields": {
    "name": "Can delete log entry",
    "content_type": [
      "admin",
      "logentry"
    ],
    "codename": "delete_logentry"
  }
},
{
  "model": "auth.permission",
  "fields": {
    "name": "Can view log entry",
    "content_type": [
      "admin",
      "logentry"
    ],
    "codename": "view_logentry"
  }
},
{
  "model": "auth.permission",
  "fields": {
    "name": "Can add permission",
    "content_type": [
      "auth",
      "permission"
    ],
    "codename": "add_permission"
  }
},
{
  "model": "auth.permission",
  "fields": {
    "name": "Can change permission",
    "content_type": [
      "auth",
      "permission"
    ],
    "codename": "change_permission"
  }
},
{
  "model": "auth.permission",
  "fields": {
    "name": "Can delete permission",
    "content_type": [
      "auth",
      "permission"
    ],
    "codename": "delete_permission"
  }
},
{
  "model": "auth.permission",
  "fields": {
    "name": "Can view permission",
    "content_type": [
      "auth",
      "permission"
    ],
    "codename": "view_permission"
  }
},
{
  "model": "auth.permission",
  "fields": {
    "name": "Can add group",
    "content_type": [
      "auth",
      "group"
    ],
    "codename": "add_group"
  }
},
{
  "model": "auth.permission",
  "fields": {
    "name": "Can change group",
    "content_type": [
      "auth",
      "group"
    ],
    "codename": "change_group"
  }
},
{
  "model": "auth.permission",
  "fields": {
    "name": "Can delete group",
    "content_type": [
      "auth",
      "group"
    ],
    "codename": "delete_group"
  }
},
{
  "model": "auth.permission",
  "fields": {
    "name": "Can view group",
    "content_type": [
      "auth",
      "group"
    ],
    "codename": "view_group"
  }
},
{
  "model": "auth.permission",
  "fields": {
    "name": "Can add content type",
    "content_type": [
      "contenttypes",
      "contenttype"
    ],
    "codename": "add_contenttype"
  }
},
{
  "model": "auth.permission",
  "fields": {
    "name": "Can change content type",
    "content_type": [
      "contenttypes",
      "contenttype"
    ],
    "codename": "change_contenttype"
  }
},
{
  "model": "auth.permission",
  "fields": {
    "name": "Can delete content type",
    "content_type": [
      "contenttypes",
      "contenttype"
    ],
    "codename": "delete_contenttype"
  }
},
{
  "model": "auth.permission",
  "fields": {
    "name": "Can view content type",
    "content_type": [
      "contenttypes",
      "contenttype"
    ],
    "codename": "view_contenttype"
  }
},
{
  "model": "auth.permission",
  "fields": {
    "name": "Can add session",
    "content_type": [
      "sessions",
      "session"
    ],
    "codename": "add_session"
  }
},
{
  "model": "auth.permission",
  "fields": {
    "name": "Can change session",
    "content_type": [
      "sessions",
      "session"
    ],
    "codename": "change_session"
  }
},
{
  "model": "auth.permission",
  "fields": {
    "name": "Can delete session",
    "content_type": [
      "sessions",
      "session"
    ],
    "codename": "delete_session"
  }
},
{
  "model": "auth.permission",
  "fields": {
    "name": "Can view session",
    "content_type": [
      "sessions",
      "session"
    ],
    "codename": "view_session"
  }
},
{
  "model": "auth.permission",
  "fields": {
    "name": "Can add user",
    "content_type": [
      "server",
      "user"
    ],
    "codename": "add_user"
  }
},
{
  "model": "auth.permission",
  "fields": {
    "name": "Can change user",
    "content_type": [
      "server",
      "user"
    ],
    "codename": "change_user"
  }
},
{
  "model": "auth.permission",
  "fields": {
    "name": "Can delete user",
    "content_type": [
      "server",
      "user"
    ],
    "codename": "delete_user"
  }
},
{
  "model": "auth.permission",
  "fields": {
    "name": "Can view user",
    "content_type": [
      "server",
      "user"
    ],
    "codename": "view_user"
  }
},
{
  "model": "auth.permission",
  "fields": {
    "name": "Can add club",
    "content_type": [
      "server",
      "club"
    ],
    "codename": "add_club"
  }
},
{
  "model": "auth.permission",
  "fields": {
    "name": "Can change club",
    "content_type": [
      "server",
      "club"
    ],
    "codename": "change_club"
  }
},
{
  "model": "auth.permission",
  "fields": {
    "name": "Can delete club",
    "content_type": [
      "server",
      "club"
    ],
    "codename": "delete_club"
  }
},
{
  "model": "auth.permission",
  "fields": {
    "name": "Can view club",
    "content_type": [
      "server",
      "club"
    ],
    "codename": "view_club"
  }
},
{
  "model": "auth.permission",
  "fields": {
    "name": "Can add member",
    "content_type": [
      "server",
      "member"
    ],
    "codename": "add_member"
  }
},
{
  "model": "auth.permission",
  "fields": {
    "name": "Can change member",
    "content_type": [
      "server",
      "member"
    ],
    "codename": "change_member"
  }
},
{
  "model": "auth.permission",
  "fields": {
    "name": "Can delete member",
    "content_type": [
      "server",
      "member"
    ],
    "codename": "delete_member"
  }
},
{
  "model": "auth.permission",
  "fields": {
    "name": "Can view member",
    "content_type": [
      "server",
      "member"
    ],
    "codename": "view_member"
  }
},
{
  "model": "auth.permission",
  "fields": {
    "name": "Can add application",
    "content_type": [
      "oauth2_provider",
      "application"
    ],
    "codename": "add_application"
  }
},
{
  "model": "auth.permission",
  "fields": {
    "name": "Can change application",
    "content_type": [
      "oauth2_provider",
      "application"
    ],
    "codename": "change_application"
  }
},
{
  "model": "auth.permission",
  "fields": {
    "name": "Can delete application",
    "content_type": [
      "oauth2_provider",
      "application"
    ],
    "codename": "delete_application"
  }
},
{
  "model": "auth.permission",
  "fields": {
    "name": "Can view application",
    "content_type": [
      "oauth2_provider",
      "application"
    ],
    "codename": "view_application"
  }
},
{
  "model": "auth.permission",
  "fields": {
    "name": "Can add access token",
    "content_type": [
      "oauth2_provider",
      "accesstoken"
    ],
    "codename": "add_accesstoken"
  }
},
{
  "model": "auth.permission",
  "fields": {
    "name": "Can change access token",
    "content_type": [
      "oauth2_provider",
      "accesstoken"
    ],
    "codename": "change_accesstoken"
  }
},
{
  "model": "auth.permission",
  "fields": {
    "name": "Can delete access token",
    "content_type": [
      "oauth2_provider",
      "accesstoken"
    ],
    "codename": "delete_accesstoken"
  }
},
{
  "model": "auth.permission",
  "fields": {
    "name": "Can view access token",
    "content_type": [
      "oauth2_provider",
      "accesstoken"
    ],
    "codename": "view_accesstoken"
  }
},
{
  "model": "auth.permission",
  "fields": {
    "name": "Can add grant",
    "content_type": [
      "oauth2_provider",
      "grant"
    ],
    "codename": "add_grant"
  }
},
{
  "model": "auth.permission",
  "fields": {
    "name": "Can change grant",
    "content_type": [
      "oauth2_provider",
      "grant"
    ],
    "codename": "change_grant"
  }
},
{
  "model": "auth.permission",
  "fields": {
    "name": "Can delete grant",
    "content_type": [
      "oauth2_provider",
      "grant"
    ],
    "codename": "delete_grant"
  }
},
{
  "model": "auth.permission",
  "fields": {
    "name": "Can view grant",
    "content_type": [
      "oauth2_provider",
      "grant"
    ],
    "codename": "view_grant"
  }
},
{
  "model": "auth.permission",
  "fields": {
    "name": "Can add refresh token",
    "content_type": [
      "oauth2_provider",
      "refreshtoken"
    ],
    "codename": "add_refreshtoken"
  }
},
{
  "model": "auth.permission",
  "fields": {
    "name": "Can change refresh token",
    "content_type": [
      "oauth2_provider",
      "refreshtoken"
    ],
    "codename": "change_refreshtoken"
  }
},
{
  "model": "auth.permission",
  "fields": {
    "name": "Can delete refresh token",
    "content_type": [
      "oauth2_provider",
      "refreshtoken"
    ],
    "codename": "delete_refreshtoken"
  }
},
{
  "model": "auth.permission",
  "fields": {
    "name": "Can view refresh token",
    "content_type": [
      "oauth2_provider",
      "refreshtoken"
    ],
    "codename": "view_refreshtoken"
  }
},
{
  "model": "auth.permission",
  "fields": {
    "name": "Can add id token",
    "content_type": [
      "oauth2_provider",
      "idtoken"
    ],
    "codename": "add_idtoken"
  }
},
{
  "model": "auth.permission",
  "fields": {
    "name": "Can change id token",
    "content_type": [
      "oauth2_provider",
      "idtoken"
    ],
    "codename": "change_idtoken"
  }
},
{
  "model": "auth.permission",
  "fields": {
    "name": "Can delete id token",
    "content_type": [
      "oauth2_provider",
      "idtoken"
    ],
    "codename": "delete_idtoken"
  }
},
{
  "model": "auth.permission",
  "fields": {
    "name": "Can view id token",
    "content_type": [
      "oauth2_provider",
      "idtoken"
    ],
    "codename": "view_idtoken"
  }
},
{
  "model": "server.user",
  "fields": {
    "password": "pbkdf2_sha256$870000$HT37giGVJc5SOPFkRizKdF$fiyNPnHZYJpfSbok684lIWO8gMLCMfqmEKhQyY0GvCs=",
    "last_login": "2025-05-28T04:26:46Z",
    "is_superuser": true,
    "username": "gopal",
    "first_name": "",
    "last_name": "",
    "is_staff": true,
    "is_active": true,
    "date_joined": "2025-05-26T16:02:19Z",
    "email": "gopalreddyanthapu07@gmail.com",
    "is_admin": false,
    "created_at": "2025-05-26T16:02:19Z",
    "groups": [],
    "user_permissions": []
  }
},
{
  "model": "server.user",
  "fields": {
    "password": "pbkdf2_sha256$870000$I8uMq56kiMVKCqa0ndHuSV$/ksvyE1ysuTFIzQB+cdkb+IZlM2hEMvQDdFMYrQxqcA=",
    "last_login": null,
    "is_superuser": false,
    "username": "varshi",
    "first_name": "",
    "last_name": "",
    "is_staff": false,
    "is_active": true,
    "date_joined": "2025-05-26T17:54:43.471Z",
    "email": "gopalreddy@gmail.com",
    "is_admin": false,
    "created_at": "2025-05-26T17:54:43.471Z",
    "groups": [],
    "user_permissions": []
  }
},
{
  "model": "server.user",
  "fields": {
    "password": "pbkdf2_sha256$870000$cXFr9edFHK6llYZIX7vapQ$ggV8A5Cz1/S2hXcQjrHtDVrEfsVB+6csRQ/YFukf20k=",
    "last_login": null,
    "is_superuser": false,
    "username": "gopi",
    "first_name": "",
    "last_name": "",
    "is_staff": false,
    "is_active": true,
    "date_joined": "2025-05-26T18:22:22.276Z",
    "email": "gopalreddyanthapu@gmail.com",
    "is_admin": false,
    "created_at": "2025-05-26T18:22:22.276Z",
    "groups": [],
    "user_permissions": []
  }
},
{
  "model": "server.user",
  "fields": {
    "password": "pbkdf2_sha256$870000$sHZbsJspPT9ByNxzVRRahv$AybyBFwICWgilYVCmAn1H6UuJp6XWFB/qusqRzHcsrQ=",
    "last_login": null,
    "is_superuser": false,
    "username": "dhanu",
    "first_name": "",
    "last_name": "",
    "is_staff": false,
    "is_active": true,
    "date_joined": "2025-05-28T06:29:56.241Z",
    "email": "gopalreddynthapu@gmail.com",
    "is_admin": false,
    "created_at": "2025-05-28T06:29:56.241Z",
    "groups": [],
    "user_permissions": []
  }
},
{
  "model": "server.user",
  "fields": {
    "password": "pbkdf2_sha256$870000$EK9eaCDFDpbyY3nQJXOQlG$4gBcJ84gikUUrU8NjJ7MgAFRwG2RDSdvcRmCB7XEW4s=",
    "last_login": null,
    "is_superuser": false,
    "username": "Ruthvik",
    "first_name": "",
    "last_name": "",
    "is_staff": false,
    "is_active": true,
    "date_joined": "2025-05-28T06:42:03.922Z",
    "email": "gopalreddyanthap@gmail.com",
    "is_admin": false,
    "created_at": "2025-05-28T06:42:03.922Z",
    "groups": [],
    "user_permissions": []
  }
},
{
  "model": "server.user",
  "fields": {
    "password": "pbkdf2_sha256$870000$r69jq6W1vxILHQJCnJwmug$I+2jfOXsQJ1eiWUxCBe6S+rDOXJCcXrO5idbMVKgWaM=",
    "last_login": null,
    "is_superuser": false,
    "username": "Varma",
    "first_name": "",
    "last_name": "",
    "is_staff": true,
    "is_active": true,
    "date_joined": "2025-05-28T06:46:15.325Z",
    "email": "gopalreddyantha@gmail.com",
    "is_admin": false,
    "created_at": "2025-05-28T06:46:15.325Z",
    "groups": [],
    "user_permissions": []
  }
},
{
  "model": "server.club",
  "pk": 1,
  "fields": {
    "name": "Sports",
    "description": "This is the where we lost the stress of NIAT",
    "advisor_name": "Pavan Dharma",
    "created_by": [
      "gopal"
    ],
    "created_at": "2025-05-26T17:11:41.356Z",
    "updated_at": "2025-05-28T07:04:26.429Z"
  }
},
{
  "model": "server.club",
  "pk": 6,
  "fields": {
    "name": "Music",
    "description": "A vibrant community for music lovers to explore, create, and perform together.\n\n\n\n\n\n\n",
    "advisor_name": "Kavya Achari",
    "created_by": [
      "Varma"
    ],
    "created_at": "2025-05-28T06:46:55.497Z",
    "updated_at": "2025-05-28T06:46:55.497Z"
  }
},
{
  "model": "server.club",
  "pk": 7,
  "fields": {
    "name": "Coding",
    "description": "A dynamic club for coding enthusiasts to learn, collaborate, and build innovative tech projects.",
    "advisor_name": "Pavan Dharma",
    "created_by": [
      "gopal"
    ],
    "created_at": "2025-05-28T06:49:46.890Z",
    "updated_at": "2025-05-28T06:49:46.890Z"
  }
},
{
  "model": "server.club",
  "pk": 8,
  "fields": {
    "name": "Drone",
    "description": "A tech-driven club focused on building, flying, and innovating with drones and aerial robotics.",
    "advisor_name": "Rahul Attluri",
    "created_by": [
      "gopal"
    ],
    "created_at": "2025-05-28T06:50:30.821Z",
    "updated_at": "2025-05-28T06:50:30.821Z"
  }
},
{
  "model": "server.member",
  "pk": 10,
  "fields": {
    "club": 1,
    "student": [
      "dhanu"
    ],
    "signup_date": "2025-05-28T06:30:11.264Z",
    "created_at": "2025-05-28T06:30:11.264Z",
    "updated_at": "2025-05-28T06:30:11.264Z"
  }
},
{
  "model": "server.member",
  "pk": 11,
  "fields": {
    "club": 1,
    "student": [
      "Ruthvik"
    ],
    "signup_date": "2025-05-28T06:42:29.710Z",
    "created_at": "2025-05-28T06:42:29.710Z",
    "updated_at": "2025-05-28T06:42:29.710Z"
  }
},
{
  "model": "server.member",
  "pk": 12,
  "fields": {
    "club": 1,
    "student": [
      "Varma"
    ],
    "signup_date": "2025-05-28T06:47:35.957Z",
    "created_at": "2025-05-28T06:47:35.957Z",
    "updated_at": "2025-05-28T06:47:35.957Z"
  }
},
{
  "model": "server.member",
  "pk": 13,
  "fields": {
    "club": 6,
    "student": [
      "Varma"
    ],
    "signup_date": "2025-05-28T06:48:10.826Z",
    "created_at": "2025-05-28T06:48:10.826Z",
    "updated_at": "2025-05-28T06:48:10.826Z"
  }
},
{
  "model": "server.member",
  "pk": 14,
  "fields": {
    "club": 6,
    "student": [
      "gopal"
    ],
    "signup_date": "2025-05-28T06:56:10.222Z",
    "created_at": "2025-05-28T06:56:10.223Z",
    "updated_at": "2025-05-28T06:56:10.223Z"
  }
},
{
  "model": "server.member",
  "pk": 15,
  "fields": {
    "club": 7,
    "student": [
      "gopal"
    ],
    "signup_date": "2025-05-28T06:56:12.819Z",
    "created_at": "2025-05-28T06:56:12.820Z",
    "updated_at": "2025-05-28T06:56:12.820Z"
  }
},
{
  "model": "server.member",
  "pk": 16,
  "fields": {
    "club": 8,
    "student": [
      "gopal"
    ],
    "signup_date": "2025-05-28T06:56:15.431Z",
    "created_at": "2025-05-28T06:56:15.432Z",
    "updated_at": "2025-05-28T06:56:15.432Z"
  }
},
{
  "model": "oauth2_provider.application",
  "fields": {
    "client_id": "8jq6T8bDxDIHzkegE93HciHDjYTTOPkJwWfzRhQT",
    "user": null,
    "redirect_uris": "",
    "post_logout_redirect_uris": "",
    "client_type": "confidential",
    "authorization_grant_type": "password",
    "client_secret": "pbkdf2_sha256$870000$oFhJ8NTxjoTW4vpOYTSaGX$WSCN2+4wfckvMyQwnbLE+Qu+eeJpv+ZgZiVP33HkgzU=",
    "hash_client_secret": true,
    "name": "Educlub",
    "skip_authorization": false,
    "created": "2025-05-26T17:15:18.160Z",
    "updated": "2025-05-26T17:15:18.160Z",
    "algorithm": "",
    "allowed_origins": ""
  }
},
{
  "model": "oauth2_provider.accesstoken",
  "pk": 1,
  "fields": {
    "user": [
      "gopal"
    ],
    "source_refresh_token": null,
    "token": "9RJDaq2xC8ExjALvVzMP7rdxgyB8FA",
    "token_checksum": "8b5443b24889bee662afb646f460dee34f691edf173ba406031764e6df9cee79",
    "id_token": null,
    "application": [
      "8jq6T8bDxDIHzkegE93HciHDjYTTOPkJwWfzRhQT"
    ],
    "expires": "2025-05-27T03:25:20.705Z",
    "scope": "read write",
    "created": "2025-05-26T17:25:20.706Z",
    "updated": "2025-05-26T17:25:20.706Z"
  }
},
{
  "model": "oauth2_provider.accesstoken",
  "pk": 2,
  "fields": {
    "user": [
      "gopal"
    ],
    "source_refresh_token": null,
    "token": "zNLPCu8ocMA99DBqY80DY2vgItppPn",
    "token_checksum": "2e7ef423f14ed847f61319b9c13c51b077d9a0d6d8f9e8386586d2828e1df934",
    "id_token": null,
    "application": [
      "8jq6T8bDxDIHzkegE93HciHDjYTTOPkJwWfzRhQT"
    ],
    "expires": "2025-05-27T03:49:08.993Z",
    "scope": "read write",
    "created": "2025-05-26T17:49:08.993Z",
    "updated": "2025-05-26T17:49:08.993Z"
  }
},
{
  "model": "oauth2_provider.accesstoken",
  "pk": 3,
  "fields": {
    "user": [
      "varshi"
    ],
    "source_refresh_token": null,
    "token": "7ff2kYiElfQo1o6MlQayhU2HeGuOFF",
    "token_checksum": "9daaf8f75340fe9dd402b17b446563f04748942ca6bce30143d3335c9ee88403",
    "id_token": null,
    "application": [
      "8jq6T8bDxDIHzkegE93HciHDjYTTOPkJwWfzRhQT"
    ],
    "expires": "2025-05-27T03:55:05.793Z",
    "scope": "read write",
    "created": "2025-05-26T17:55:05.793Z",
    "updated": "2025-05-26T17:55:05.793Z"
  }
},
{
  "model": "oauth2_provider.accesstoken",
  "pk": 4,
  "fields": {
    "user": [
      "gopi"
    ],
    "source_refresh_token": null,
    "token": "2TyhWTixFHTrTwykFxzCTK9HlzkSbr",
    "token_checksum": "2a8fc5bac25fb9cf19d016a2c354e066cc330064f7c243a9de1428e87d107ad9",
    "id_token": null,
    "application": [
      "8jq6T8bDxDIHzkegE93HciHDjYTTOPkJwWfzRhQT"
    ],
    "expires": "2025-05-27T04:22:46.586Z",
    "scope": "read write",
    "created": "2025-05-26T18:22:46.586Z",
    "updated": "2025-05-26T18:22:46.586Z"
  }
},
{
  "model": "oauth2_provider.accesstoken",
  "pk": 5,
  "fields": {
    "user": [
      "gopi"
    ],
    "source_refresh_token": null,
    "token": "74RuikC9cTHKYfEHAPTM4a2QGDcAH6",
    "token_checksum": "53ed2d873efdd7161ff0fe1129a663ccb60f9313e14c10e6a199362cbf6d4f8c",
    "id_token": null,
    "application": [
      "8jq6T8bDxDIHzkegE93HciHDjYTTOPkJwWfzRhQT"
    ],
    "expires": "2025-05-27T15:44:26.008Z",
    "scope": "read write",
    "created": "2025-05-27T05:44:26.015Z",
    "updated": "2025-05-27T05:44:26.015Z"
  }
},
{
  "model": "oauth2_provider.accesstoken",
  "pk": 6,
  "fields": {
    "user": [
      "gopi"
    ],
    "source_refresh_token": null,
    "token": "1lJktliw3ZuqG0Ie223vOykiP6dZ9v",
    "token_checksum": "181665ae807dde36d850475b151d30b417290c74adf94e302f9b1c8b430bcd97",
    "id_token": null,
    "application": [
      "8jq6T8bDxDIHzkegE93HciHDjYTTOPkJwWfzRhQT"
    ],
    "expires": "2025-05-27T15:45:26.671Z",
    "scope": "read write",
    "created": "2025-05-27T05:45:26.672Z",
    "updated": "2025-05-27T05:45:26.672Z"
  }
},
{
  "model": "oauth2_provider.accesstoken",
  "pk": 7,
  "fields": {
    "user": [
      "gopi"
    ],
    "source_refresh_token": null,
    "token": "EYeF2pdFIu9aeIUe4nTgzV9u30VN6E",
    "token_checksum": "d8dc9e06fd34c1be7e1ddc79799d9fef99b947e27a29d0a659da98f02ceb3ce9",
    "id_token": null,
    "application": [
      "8jq6T8bDxDIHzkegE93HciHDjYTTOPkJwWfzRhQT"
    ],
    "expires": "2025-05-27T16:33:11.866Z",
    "scope": "read write",
    "created": "2025-05-27T06:33:11.866Z",
    "updated": "2025-05-27T06:33:11.866Z"
  }
},
{
  "model": "oauth2_provider.accesstoken",
  "pk": 8,
  "fields": {
    "user": [
      "gopi"
    ],
    "source_refresh_token": null,
    "token": "toKYFrWUcFGZicLJlUcqBNMDXNv04C",
    "token_checksum": "0bc84bbfe399821b4c4855914f02e34c70ea8ffd355ef4b7ba2236514fe63a99",
    "id_token": null,
    "application": [
      "8jq6T8bDxDIHzkegE93HciHDjYTTOPkJwWfzRhQT"
    ],
    "expires": "2025-05-27T16:33:36.772Z",
    "scope": "read write",
    "created": "2025-05-27T06:33:36.772Z",
    "updated": "2025-05-27T06:33:36.772Z"
  }
},
{
  "model": "oauth2_provider.accesstoken",
  "pk": 9,
  "fields": {
    "user": [
      "gopi"
    ],
    "source_refresh_token": null,
    "token": "JLOx8MF7JlbeUTs1DFSiGqufovO4M8",
    "token_checksum": "92ccf0e431a998556604dcef02aaeb6f7fec604b3966b6c8f5473092948e43d4",
    "id_token": null,
    "application": [
      "8jq6T8bDxDIHzkegE93HciHDjYTTOPkJwWfzRhQT"
    ],
    "expires": "2025-05-27T16:36:49.402Z",
    "scope": "read write",
    "created": "2025-05-27T06:36:49.403Z",
    "updated": "2025-05-27T06:36:49.403Z"
  }
},
{
  "model": "oauth2_provider.accesstoken",
  "pk": 10,
  "fields": {
    "user": [
      "gopi"
    ],
    "source_refresh_token": null,
    "token": "Qfj0qUyfCpp94NDkqhLN3t6mhX8MKg",
    "token_checksum": "9eae402f85b7c59de022f8b3d211bef6cb95b1f27cbc2e5ab91dd36e318559d0",
    "id_token": null,
    "application": [
      "8jq6T8bDxDIHzkegE93HciHDjYTTOPkJwWfzRhQT"
    ],
    "expires": "2025-05-27T16:38:02.278Z",
    "scope": "read write",
    "created": "2025-05-27T06:38:02.279Z",
    "updated": "2025-05-27T06:38:02.279Z"
  }
},
{
  "model": "oauth2_provider.accesstoken",
  "pk": 11,
  "fields": {
    "user": [
      "gopi"
    ],
    "source_refresh_token": null,
    "token": "NWyHP335zlxRjhczU7AuV1DykhG1eY",
    "token_checksum": "423554dc64c0af04d689b3889b5cd2da7bbab6aba735ac6c8b2d56e163acb65c",
    "id_token": null,
    "application": [
      "8jq6T8bDxDIHzkegE93HciHDjYTTOPkJwWfzRhQT"
    ],
    "expires": "2025-05-27T16:40:31.839Z",
    "scope": "read write",
    "created": "2025-05-27T06:40:31.840Z",
    "updated": "2025-05-27T06:40:31.840Z"
  }
},
{
  "model": "oauth2_provider.accesstoken",
  "pk": 12,
  "fields": {
    "user": [
      "gopi"
    ],
    "source_refresh_token": null,
    "token": "DVTwfawD47iTG4gR7zA4ZhCy1lxtEh",
    "token_checksum": "86c98b1bb9cab99c34de0ee33a8a0da4bab240e7fe6b409d22918649c17476e9",
    "id_token": null,
    "application": [
      "8jq6T8bDxDIHzkegE93HciHDjYTTOPkJwWfzRhQT"
    ],
    "expires": "2025-05-27T18:32:48.766Z",
    "scope": "read write",
    "created": "2025-05-27T08:32:48.773Z",
    "updated": "2025-05-27T08:32:48.773Z"
  }
},
{
  "model": "oauth2_provider.accesstoken",
  "pk": 13,
  "fields": {
    "user": [
      "gopal"
    ],
    "source_refresh_token": null,
    "token": "L13hX8pPSI3ah7R5TNeMrEvBwsJ1Ug",
    "token_checksum": "be133fc0c9aaf1d16a929f6dc983cbcdbff7aba45eea97949725824477a92ed7",
    "id_token": null,
    "application": [
      "8jq6T8bDxDIHzkegE93HciHDjYTTOPkJwWfzRhQT"
    ],
    "expires": "2025-05-27T18:41:44.282Z",
    "scope": "read write",
    "created": "2025-05-27T08:41:44.282Z",
    "updated": "2025-05-27T08:41:44.282Z"
  }
},
{
  "model": "oauth2_provider.accesstoken",
  "pk": 19,
  "fields": {
    "user": [
      "gopal"
    ],
    "source_refresh_token": null,
    "token": "4GpHbiBVv89bgV5dbUZZy4le6wFUyO",
    "token_checksum": "2b864d9339c8784cf4de6f0dad0ca630dd63d085f78fb37eda9bfa54349033e6",
    "id_token": null,
    "application": [
      "8jq6T8bDxDIHzkegE93HciHDjYTTOPkJwWfzRhQT"
    ],
    "expires": "2025-05-27T20:17:58.629Z",
    "scope": "read write",
    "created": "2025-05-27T10:17:58.629Z",
    "updated": "2025-05-27T10:17:58.629Z"
  }
},
{
  "model": "oauth2_provider.accesstoken",
  "pk": 22,
  "fields": {
    "user": [
      "gopi"
    ],
    "source_refresh_token": null,
    "token": "8VW9nFL5wIcOwLMi6IDG9DsR0KE55E",
    "token_checksum": "45e0238fe41572a9c532762e1b38956c6d4da3a21cceeb7418b6f98098de5f50",
    "id_token": null,
    "application": [
      "8jq6T8bDxDIHzkegE93HciHDjYTTOPkJwWfzRhQT"
    ],
    "expires": "2025-05-27T22:06:27.925Z",
    "scope": "read write",
    "created": "2025-05-27T12:06:27.926Z",
    "updated": "2025-05-27T12:06:27.926Z"
  }
},
{
  "model": "oauth2_provider.accesstoken",
  "pk": 23,
  "fields": {
    "user": [
      "gopi"
    ],
    "source_refresh_token": null,
    "token": "CLlt9MvcNaTAYc7vm2kiB09v2sWrTb",
    "token_checksum": "5c234544ae835b907cb7c3b80222452260261058c3584336dda57ca024c00795",
    "id_token": null,
    "application": [
      "8jq6T8bDxDIHzkegE93HciHDjYTTOPkJwWfzRhQT"
    ],
    "expires": "2025-05-27T23:33:52.935Z",
    "scope": "read write",
    "created": "2025-05-27T13:33:52.936Z",
    "updated": "2025-05-27T13:33:52.936Z"
  }
},
{
  "model": "oauth2_provider.accesstoken",
  "pk": 27,
  "fields": {
    "user": [
      "dhanu"
    ],
    "source_refresh_token": null,
    "token": "XUlvts4xgMI8197pBd6YSDXixctaQQ",
    "token_checksum": "9569167a74f28080ca26138b85db1af8995ae81c042d45ea6fbec4d24fbe0958",
    "id_token": null,
    "application": [
      "8jq6T8bDxDIHzkegE93HciHDjYTTOPkJwWfzRhQT"
    ],
    "expires": "2025-05-28T16:30:06.639Z",
    "scope": "read write",
    "created": "2025-05-28T06:30:06.639Z",
    "updated": "2025-05-28T06:30:06.639Z"
  }
},
{
  "model": "oauth2_provider.accesstoken",
  "pk": 28,
  "fields": {
    "user": [
      "Ruthvik"
    ],
    "source_refresh_token": null,
    "token": "DofCLra2mUpvBU4G5Cx23kDRCOWkOZ",
    "token_checksum": "bf04c64bde7d41e2afaf62bf3d507b50faae9c6a3634bc333bbed0f4073699ec",
    "id_token": null,
    "application": [
      "8jq6T8bDxDIHzkegE93HciHDjYTTOPkJwWfzRhQT"
    ],
    "expires": "2025-05-28T16:42:19.251Z",
    "scope": "read write",
    "created": "2025-05-28T06:42:19.251Z",
    "updated": "2025-05-28T06:42:19.251Z"
  }
},
{
  "model": "oauth2_provider.accesstoken",
  "pk": 29,
  "fields": {
    "user": [
      "Varma"
    ],
    "source_refresh_token": null,
    "token": "SOTojPcZTvC4zAsLSQx9y6YIojKCoZ",
    "token_checksum": "2a3e3528a98be10ec59ab3a5e543c1e001c19669506845284d641ca1208793e2",
    "id_token": null,
    "application": [
      "8jq6T8bDxDIHzkegE93HciHDjYTTOPkJwWfzRhQT"
    ],
    "expires": "2025-05-28T16:46:26.315Z",
    "scope": "read write",
    "created": "2025-05-28T06:46:26.316Z",
    "updated": "2025-05-28T06:46:26.316Z"
  }
},
{
  "model": "oauth2_provider.accesstoken",
  "pk": 30,
  "fields": {
    "user": [
      "gopal"
    ],
    "source_refresh_token": null,
    "token": "rxPAEqcmciRPrXdlS9E44tJ1ulWSUb",
    "token_checksum": "0c2ba257a1385fd43cb8faadd59a2885e180c8b584eeeac615332921487ed237",
    "id_token": null,
    "application": [
      "8jq6T8bDxDIHzkegE93HciHDjYTTOPkJwWfzRhQT"
    ],
    "expires": "2025-05-28T16:49:07.382Z",
    "scope": "read write",
    "created": "2025-05-28T06:49:07.382Z",
    "updated": "2025-05-28T06:49:07.382Z"
  }
},
{
  "model": "oauth2_provider.refreshtoken",
  "pk": 1,
  "fields": {
    "user": [
      "gopal"
    ],
    "token": "zxek1lXwDPP0GdFsTP97uAOZhdGnvs",
    "application": [
      "8jq6T8bDxDIHzkegE93HciHDjYTTOPkJwWfzRhQT"
    ],
    "access_token": 1,
    "token_family": "fd2c8721-c1d7-4e76-9f48-9cb6438e7c2f",
    "created": "2025-05-26T17:25:20.710Z",
    "updated": "2025-05-26T17:25:20.710Z",
    "revoked": null
  }
},
{
  "model": "oauth2_provider.refreshtoken",
  "pk": 2,
  "fields": {
    "user": [
      "gopal"
    ],
    "token": "DGyeYflziwc9Gn0hq6dDrXQrjbpV6h",
    "application": [
      "8jq6T8bDxDIHzkegE93HciHDjYTTOPkJwWfzRhQT"
    ],
    "access_token": 2,
    "token_family": "08c9f63a-99fb-4d5c-8192-6ff02ad2ea6a",
    "created": "2025-05-26T17:49:08.996Z",
    "updated": "2025-05-26T17:49:08.996Z",
    "revoked": null
  }
},
{
  "model": "oauth2_provider.refreshtoken",
  "pk": 3,
  "fields": {
    "user": [
      "varshi"
    ],
    "token": "GaVGfZFix394o0J3ckWHEMpmZDhXhf",
    "application": [
      "8jq6T8bDxDIHzkegE93HciHDjYTTOPkJwWfzRhQT"
    ],
    "access_token": 3,
    "token_family": "4455c727-f35d-49a0-be8c-45f46c0787ab",
    "created": "2025-05-26T17:55:05.796Z",
    "updated": "2025-05-26T17:55:05.796Z",
    "revoked": null
  }
},
{
  "model": "oauth2_provider.refreshtoken",
  "pk": 4,
  "fields": {
    "user": [
      "gopi"
    ],
    "token": "nGres2qkeFo39hif5CRuvuFLhkUULx",
    "application": [
      "8jq6T8bDxDIHzkegE93HciHDjYTTOPkJwWfzRhQT"
    ],
    "access_token": 4,
    "token_family": "d7944a3e-b0d7-4484-a314-0a55a69bbf2d",
    "created": "2025-05-26T18:22:46.589Z",
    "updated": "2025-05-26T18:22:46.589Z",
    "revoked": null
  }
},
{
  "model": "oauth2_provider.refreshtoken",
  "pk": 5,
  "fields": {
    "user": [
      "gopi"
    ],
    "token": "CiOqN1UPAVWMGMhco56RVFLGHpjTvm",
    "application": [
      "8jq6T8bDxDIHzkegE93HciHDjYTTOPkJwWfzRhQT"
    ],
    "access_token": 5,
    "token_family": "078806e2-2e1d-4404-b87a-14fd2f4616c2",
    "created": "2025-05-27T05:44:26.020Z",
    "updated": "2025-05-27T05:44:26.020Z",
    "revoked": null
  }
},
{
  "model": "oauth2_provider.refreshtoken",
  "pk": 6,
  "fields": {
    "user": [
      "gopi"
    ],
    "token": "FuaoUk3f5SItYVXGFPsF3rXZUNonjU",
    "application": [
      "8jq6T8bDxDIHzkegE93HciHDjYTTOPkJwWfzRhQT"
    ],
    "access_token": 6,
    "token_family": "76412793-de84-4660-abc5-32f4a3e78d69",
    "created": "2025-05-27T05:45:26.681Z",
    "updated": "2025-05-27T05:45:26.681Z",
    "revoked": null
  }
},
{
  "model": "oauth2_provider.refreshtoken",
  "pk": 7,
  "fields": {
    "user": [
      "gopi"
    ],
    "token": "qwjzEuCuBJen2rW4rLiMBwNw1Fga0S",
    "application": [
      "8jq6T8bDxDIHzkegE93HciHDjYTTOPkJwWfzRhQT"
    ],
    "access_token": 7,
    "token_family": "5023622e-5d01-42c8-b58f-6f1516682262",
    "created": "2025-05-27T06:33:11.876Z",
    "updated": "2025-05-27T06:33:11.876Z",
    "revoked": null
  }
},
{
  "model": "oauth2_provider.refreshtoken",
  "pk": 8,
  "fields": {
    "user": [
      "gopi"
    ],
    "token": "Glp1QJ7GPotQwEOfXcC5MEuPeTronH",
    "application": [
      "8jq6T8bDxDIHzkegE93HciHDjYTTOPkJwWfzRhQT"
    ],
    "access_token": 8,
    "token_family": "2242ede8-8d53-4ab1-8472-a22efcccb859",
    "created": "2025-05-27T06:33:36.781Z",
    "updated": "2025-05-27T06:33:36.781Z",
    "revoked": null
  }
},
{
  "model": "oauth2_provider.refreshtoken",
  "pk": 9,
  "fields": {
    "user": [
      "gopi"
    ],
    "token": "x6FSzPHiXMzqrTkVY85BckKIaK8fg0",
    "application": [
      "8jq6T8bDxDIHzkegE93HciHDjYTTOPkJwWfzRhQT"
    ],
    "access_token": 9,
    "token_family": "56d78b84-b113-49b6-a4a2-ab9082c0fac9",
    "created": "2025-05-27T06:36:49.406Z",
    "updated": "2025-05-27T06:36:49.406Z",
    "revoked": null
  }
},
{
  "model": "oauth2_provider.refreshtoken",
  "pk": 10,
  "fields": {
    "user": [
      "gopi"
    ],
    "token": "1f5VK1bsezsymrtFC0MBferB252Q8G",
    "application": [
      "8jq6T8bDxDIHzkegE93HciHDjYTTOPkJwWfzRhQT"
    ],
    "access_token": 10,
    "token_family": "3bdb5442-a1ba-47e5-a839-276060c19e4d",
    "created": "2025-05-27T06:38:02.289Z",
    "updated": "2025-05-27T06:38:02.289Z",
    "revoked": null
  }
},
{
  "model": "oauth2_provider.refreshtoken",
  "pk": 11,
  "fields": {
    "user": [
      "gopi"
    ],
    "token": "ekN1rU8u3WCVce0nCBqnwHS336DvPK",
    "application": [
      "8jq6T8bDxDIHzkegE93HciHDjYTTOPkJwWfzRhQT"
    ],
    "access_token": 11,
    "token_family": "5081fc55-bb4f-4c13-915d-c9e66ec8f3da",
    "created": "2025-05-27T06:40:31.844Z",
    "updated": "2025-05-27T06:40:31.844Z",
    "revoked": null
  }
},
{
  "model": "oauth2_provider.refreshtoken",
  "pk": 12,
  "fields": {
    "user": [
      "gopi"
    ],
    "token": "fbb94tpovSY6VsMN0q8EnNx5bjT1Uq",
    "application": [
      "8jq6T8bDxDIHzkegE93HciHDjYTTOPkJwWfzRhQT"
    ],
    "access_token": 12,
    "token_family": "021d8130-a3d9-4348-a248-b684247c25d9",
    "created": "2025-05-27T08:32:48.776Z",
    "updated": "2025-05-27T08:32:48.776Z",
    "revoked": null
  }
},
{
  "model": "oauth2_provider.refreshtoken",
  "pk": 13,
  "fields": {
    "user": [
      "gopal"
    ],
    "token": "f721yrsLM5xs98kTCel7oRAexeEwTd",
    "application": [
      "8jq6T8bDxDIHzkegE93HciHDjYTTOPkJwWfzRhQT"
    ],
    "access_token": 13,
    "token_family": "f3fa7d35-ee1f-4b55-b687-9815a4f9b564",
    "created": "2025-05-27T08:41:44.290Z",
    "updated": "2025-05-27T08:41:44.290Z",
    "revoked": null
  }
},
{
  "model": "oauth2_provider.refreshtoken",
  "pk": 19,
  "fields": {
    "user": [
      "gopal"
    ],
    "token": "wurEcvTqLhFWnmLdd0IkwnWpgMShAb",
    "application": [
      "8jq6T8bDxDIHzkegE93HciHDjYTTOPkJwWfzRhQT"
    ],
    "access_token": 19,
    "token_family": "6a031e64-ca0a-4c0f-8cb6-03ccdbf162b4",
    "created": "2025-05-27T10:17:58.634Z",
    "updated": "2025-05-27T10:17:58.634Z",
    "revoked": null
  }
},
{
  "model": "oauth2_provider.refreshtoken",
  "pk": 22,
  "fields": {
    "user": [
      "gopi"
    ],
    "token": "0YkMWVfou0gXdvlwgKeXPOzmRzgKIq",
    "application": [
      "8jq6T8bDxDIHzkegE93HciHDjYTTOPkJwWfzRhQT"
    ],
    "access_token": 22,
    "token_family": "3e436856-9482-4c2d-935c-bbbef11e08b9",
    "created": "2025-05-27T12:06:27.930Z",
    "updated": "2025-05-27T12:06:27.930Z",
    "revoked": null
  }
},
{
  "model": "oauth2_provider.refreshtoken",
  "pk": 23,
  "fields": {
    "user": [
      "gopi"
    ],
    "token": "1uwlzcqbArLqXfrAhWlcaxRYpotCnE",
    "application": [
      "8jq6T8bDxDIHzkegE93HciHDjYTTOPkJwWfzRhQT"
    ],
    "access_token": 23,
    "token_family": "fff7c9f1-123f-4b8f-8d8c-d3257f559a74",
    "created": "2025-05-27T13:33:52.946Z",
    "updated": "2025-05-27T13:33:52.946Z",
    "revoked": null
  }
},
{
  "model": "oauth2_provider.refreshtoken",
  "pk": 27,
  "fields": {
    "user": [
      "dhanu"
    ],
    "token": "Xl8OiH4wUMPVcanmarc8ZSCRg75O4d",
    "application": [
      "8jq6T8bDxDIHzkegE93HciHDjYTTOPkJwWfzRhQT"
    ],
    "access_token": 27,
    "token_family": "6ef844eb-f624-4076-86e9-a758baaa4398",
    "created": "2025-05-28T06:30:06.646Z",
    "updated": "2025-05-28T06:30:06.646Z",
    "revoked": null
  }
},
{
  "model": "oauth2_provider.refreshtoken",
  "pk": 28,
  "fields": {
    "user": [
      "Ruthvik"
    ],
    "token": "swwnhsLV1q06J9JUfbd40E5vHbUO9h",
    "application": [
      "8jq6T8bDxDIHzkegE93HciHDjYTTOPkJwWfzRhQT"
    ],
    "access_token": 28,
    "token_family": "f5e973de-24d0-43c1-9637-311dd9fe2285",
    "created": "2025-05-28T06:42:19.259Z",
    "updated": "2025-05-28T06:42:19.259Z",
    "revoked": null
  }
},
{
  "model": "oauth2_provider.refreshtoken",
  "pk": 29,
  "fields": {
    "user": [
      "Varma"
    ],
    "token": "1nOepC6wD2wfwbgTvofrsLK0LqdfnH",
    "application": [
      "8jq6T8bDxDIHzkegE93HciHDjYTTOPkJwWfzRhQT"
    ],
    "access_token": 29,
    "token_family": "3c1858e8-ebdc-4fec-8da9-fe2198e4b9ca",
    "created": "2025-05-28T06:46:26.325Z",
    "updated": "2025-05-28T06:46:26.325Z",
    "revoked": null
  }
},
{
  "model": "oauth2_provider.refreshtoken",
  "pk": 30,
  "fields": {
    "user": [
      "gopal"
    ],
    "token": "dPfU36M6aF8nZ4OhRk5zOykqLFpaYD",
    "application": [
      "8jq6T8bDxDIHzkegE93HciHDjYTTOPkJwWfzRhQT"
    ],
    "access_token": 30,
    "token_family": "6479c232-c251-4629-9c9b-8654ba9a936f",
    "created": "2025-05-28T06:49:07.385Z",
    "updated": "2025-05-28T06:49:07.385Z",
    "revoked": null
  }
},
{
  "model": "admin.logentry",
  "pk": 1,
  "fields": {
    "action_time": "2025-05-26T17:11:41.357Z",
    "user": [
      "gopal"
    ],
    "content_type": [
      "server",
      "club"
    ],
    "object_id": "1",
    "object_repr": "Sports",
    "action_flag": 1,
    "change_message": "[{\"added\": {}}]"
  }
},
{
  "model": "admin.logentry",
  "pk": 2,
  "fields": {
    "action_time": "2025-05-26T17:15:18.163Z",
    "user": [
      "gopal"
    ],
    "content_type": [
      "oauth2_provider",
      "application"
    ],
    "object_id": "1",
    "object_repr": "Educlub",
    "action_flag": 1,
    "change_message": "[{\"added\": {}}]"
  }
},
{
  "model": "admin.logentry",
  "pk": 3,
  "fields": {
    "action_time": "2025-05-26T17:15:57.701Z",
    "user": [
      "gopal"
    ],
    "content_type": [
      "server",
      "user"
    ],
    "object_id": "1",
    "object_repr": "gopal",
    "action_flag": 2,
    "change_message": "[]"
  }
},
{
  "model": "admin.logentry",
  "pk": 4,
  "fields": {
    "action_time": "2025-05-28T05:55:17.255Z",
    "user": [
      "gopal"
    ],
    "content_type": [
      "server",
      "user"
    ],
    "object_id": "5",
    "object_repr": "varada",
    "action_flag": 2,
    "change_message": "[]"
  }
},
{
  "model": "admin.logentry",
  "pk": 5,
  "fields": {
    "action_time": "2025-05-28T05:55:37.095Z",
    "user": [
      "gopal"
    ],
    "content_type": [
      "server",
      "user"
    ],
    "object_id": "6",
    "object_repr": "devara",
    "action_flag": 2,
    "change_message": "[]"
  }
},
{
  "model": "admin.logentry",
  "pk": 6,
  "fields": {
    "action_time": "2025-05-28T05:56:50.290Z",
    "user": [
      "gopal"
    ],
    "content_type": [
      "server",
      "user"
    ],
    "object_id": "9",
    "object_repr": "sai",
    "action_flag": 2,
    "change_message": "[]"
  }
},
{
  "model": "admin.logentry",
  "pk": 7,
  "fields": {
    "action_time": "2025-05-28T06:26:25.044Z",
    "user": [
      "gopal"
    ],
    "content_type": [
      "server",
      "user"
    ],
    "object_id": "1",
    "object_repr": "gopal",
    "action_flag": 2,
    "change_message": "[]"
  }
},
{
  "model": "admin.logentry",
  "pk": 8,
  "fields": {
    "action_time": "2025-05-28T06:27:21.764Z",
    "user": [
      "gopal"
    ],
    "content_type": [
      "server",
      "user"
    ],
    "object_id": "11",
    "object_repr": "varma",
    "action_flag": 3,
    "change_message": ""
  }
},
{
  "model": "admin.logentry",
  "pk": 9,
  "fields": {
    "action_time": "2025-05-28T06:27:21.764Z",
    "user": [
      "gopal"
    ],
    "content_type": [
      "server",
      "user"
    ],
    "object_id": "10",
    "object_repr": "teja",
    "action_flag": 3,
    "change_message": ""
  }
},
{
  "model": "admin.logentry",
  "pk": 10,
  "fields": {
    "action_time": "2025-05-28T06:27:21.764Z",
    "user": [
      "gopal"
    ],
    "content_type": [
      "server",
      "user"
    ],
    "object_id": "9",
    "object_repr": "sai",
    "action_flag": 3,
    "change_message": ""
  }
},
{
  "model": "admin.logentry",
  "pk": 11,
  "fields": {
    "action_time": "2025-05-28T06:27:21.764Z",
    "user": [
      "gopal"
    ],
    "content_type": [
      "server",
      "user"
    ],
    "object_id": "8",
    "object_repr": "sriman",
    "action_flag": 3,
    "change_message": ""
  }
},
{
  "model": "admin.logentry",
  "pk": 12,
  "fields": {
    "action_time": "2025-05-28T06:27:21.764Z",
    "user": [
      "gopal"
    ],
    "content_type": [
      "server",
      "user"
    ],
    "object_id": "7",
    "object_repr": "Ruthvik",
    "action_flag": 3,
    "change_message": ""
  }
},
{
  "model": "admin.logentry",
  "pk": 13,
  "fields": {
    "action_time": "2025-05-28T06:27:21.764Z",
    "user": [
      "gopal"
    ],
    "content_type": [
      "server",
      "user"
    ],
    "object_id": "6",
    "object_repr": "devara",
    "action_flag": 3,
    "change_message": ""
  }
},
{
  "model": "admin.logentry",
  "pk": 14,
  "fields": {
    "action_time": "2025-05-28T06:27:21.764Z",
    "user": [
      "gopal"
    ],
    "content_type": [
      "server",
      "user"
    ],
    "object_id": "5",
    "object_repr": "varada",
    "action_flag": 3,
    "change_message": ""
  }
},
{
  "model": "admin.logentry",
  "pk": 15,
  "fields": {
    "action_time": "2025-05-28T06:27:21.764Z",
    "user": [
      "gopal"
    ],
    "content_type": [
      "server",
      "user"
    ],
    "object_id": "4",
    "object_repr": "dhanu",
    "action_flag": 3,
    "change_message": ""
  }
}
]
